INSERT INTO ingredient_entity (ingredient_id, name, proteins, fats, carbohydrates, calories)
VALUES (1, 'Яйцо', 12.7, 10.9, 0.7, 157),
       (2, 'Сыр Гауда', 25, 27, 2, 356),
       (3, 'Молоко Безлактозное', 3, 1.5, 4.7, 44),
       (4, 'Куриное филе', 23.1, 1.2, 0, 110),
       (5, 'Тортилья', 9.7, 8.8, 55.1, 345),
       (6, 'Помидор', 1.1, 0.2, 3.7, 20),
       (7, 'Сухарики', 9, 18, 66, 467),
       (8, 'Салат Айсберг', 0.9, 0.1, 1.8, 14),
       (9, 'Майонез', 0, 24, 8.5, 250),
       (10, 'Ананас', 0.1, 0.1, 14, 57),
       (11, 'Кукуруза', 2.2, 0, 11.2, 58),
       (12, 'Фасоль Красная', 6.7, 0.3, 17.4, 99),
       (13, 'Кетчуп', 1.8, 1, 22.2, 93),
       (14, 'Банан', 1.5, 0.2, 21.8, 95),
       (15, 'Овсянка', 11.9, 7.2, 69.3, 366),
       (16, 'Протеин', 76, 4.7, 4.8, 372),
       (17, 'Йогурт', 4.3, 2, 6.2, 60),
       (18, 'Персик', 0.9, 0.1, 11.3, 46),
       (19, 'Йогурт + Персик', 2.6, 1.05, 8.75, 53),
       (20, 'Паприка', 31, 1.05, 8.75, 53);


INSERT INTO dish_entity (dish_id, name, type)
VALUES (1, 'Омлет с сыром', 2),
       (2, 'Тако с курицей овощами и сыром', 1),
       (3, 'Куриный отбивные с помидорами и сыром', 1),
       (4, 'Цезарь с жареной курицей', 2),
       (5, 'Салат курица ананасы', 2),
       (6, 'Отбивные курица ананас', 1),
       (7, 'Запеченые отбивные с помидорами', 1),
       (8, 'Куриное филе с паприкой', 1),
       (9, 'Салат курица фасоль кукуруза', 2),
       (10, 'Шоколадный брауни', 3);


INSERT INTO dish_ingredient_entity (dish_ingredient_id, dish_id, ingredient_id, weight)
VALUES (1, 1, 1, 240),  -- Омлет с сыром
       (2, 1, 2, 62),
       (3, 1, 3, 200),
       (4, 2, 5, 40),   -- Тако с курицей овощами и сыром
       (5, 2, 4, 150),
       (6, 2, 2, 60),
       (7, 2, 6, 100),
       (8, 3, 4, 330),  -- Куриный отбивные с помидорами и сыром
       (9, 3, 9, 15),
       (10, 3, 2, 80),
       (11, 3, 6, 100),
       (12, 4, 4, 150), -- Цезарь с жареной курицей
       (13, 4, 7, 70),
       (14, 4, 2, 60),
       (15, 4, 8, 100),
       (16, 4, 9, 15),
       (17, 5, 4, 250), -- Салат курица ананасы
       (18, 5, 10, 100),
       (19, 5, 11, 85),
       (20, 5, 2, 60),
       (21, 5, 9, 15),
       (22, 6, 4, 330), -- Отбивные курица ананас
       (23, 6, 10, 100),
       (24, 6, 2, 65),
       (25, 6, 9, 15),
       (26, 7, 4, 330), -- Запеченые отбивные с помидорами
       (27, 7, 6, 100),
       (28, 7, 2, 65),
       (29, 7, 9, 15),
       (30, 9, 4, 250), -- Салат курица фасоль кукуруза
       (31, 9, 11, 85),
       (32, 9, 12, 85),
       (33, 9, 8, 100),
       (34, 9, 13, 10),
       (35, 8, 4, 330),
       (36, 8, 13, 10);


INSERT INTO dish_ingredient_entity (dish_ingredient_id, dish_id, ingredient_id, weight)
VALUES (37, 10, 14, 130), --банан
(38, 10, 1, 55), --яйцо
(39, 10, 16, 32), --протеин
(40, 10, 17, 80), --йогурт
(41, 10, 15, 30); --овсянка